{
"FILES_ROOT":        "~/Media/Uploaded",
"SESSION_PATH_KEY":   "",
"THUMBS_VIEW_WIDTH":  "140",
"THUMBS_VIEW_HEIGHT": "120",
"PREVIEW_THUMB_WIDTH":"300",
"PREVIEW_THUMB_HEIGHT":"200",
"MAX_IMAGE_WIDTH":     "0",
"MAX_IMAGE_HEIGHT":    "0",
"INTEGRATION":       "ckeditor",
"DIRLIST":           "asp_net/main.ashx?a=DIRLIST",
"CREATEDIR":         "asp_net/main.ashx?a=CREATEDIR",
"DELETEDIR":         "asp_net/main.ashx?a=DELETEDIR",
"MOVEDIR":           "asp_net/main.ashx?a=MOVEDIR",
"COPYDIR":           "asp_net/main.ashx?a=COPYDIR",
"RENAMEDIR":         "asp_net/main.ashx?a=RENAMEDIR",
"FILESLIST":         "asp_net/main.ashx?a=FILESLIST",
"UPLOAD":            "asp_net/main.ashx?a=UPLOAD",
"DOWNLOAD":          "asp_net/main.ashx?a=DOWNLOAD",
"DOWNLOADDIR":       "asp_net/main.ashx?a=DOWNLOADDIR",
"DOWNLOADDIR":       "asp_net/main.ashx?a=DOWNLOADDIR",
"DELETEFILE":        "asp_net/main.ashx?a=DELETEFILE",
"MOVEFILE":          "asp_net/main.ashx?a=MOVEFILE",
"COPYFILE":          "asp_net/main.ashx?a=COPYFILE",
"RENAMEFILE":        "asp_net/main.ashx?a=RENAMEFILE",
"GENERATETHUMB":     "asp_net/main.ashx?a=GENERATETHUMB",
"DEFAULTVIEW":       "list",
"FORBIDDEN_UPLOADS": "zip js jsp jsb mhtml mht xhtml xht php phtml php3 php4 php5 phps shtml jhtml pl sh py cgi exe scr dll msi vbs bat com pif cmd vxd cpl htpasswd htaccess",
"ALLOWED_UPLOADS":   "",
"FILEPERMISSIONS":   "0644",
"DIRPERMISSIONS":      "0755",
"LANG":              "auto",
"DATEFORMAT":        "dd.MM.yyyy HH:mm"
}